root,numpy
0.08382701873779297,0.06962180137634277
0.08033180236816406,0.09761714935302734
0.0684506893157959,0.08285260200500488
0.10119414329528809,0.054799795150756836
0.08795022964477539,0.05484175682067871
0.05505013465881348,0.029774904251098633
0.02404952049255371,0.07529568672180176
0.05462980270385742,0.06205010414123535
0.04772782325744629,0.0480799674987793
0.026375770568847656,0.039720773696899414
0.07910275459289551,0.07797646522521973
0.048433542251586914,0.0692899227142334
0.04163336753845215,0.05812501907348633
0.0719609260559082,0.03726625442504883
0.09019780158996582,0.033011674880981445
0.09958195686340332,0.01990652084350586
0.04924416542053223,0.03931140899658203
0.028430461883544922,0.05453014373779297
0.04629635810852051,0.030395030975341797
0.022053956985473633,0.03278183937072754
0.07623410224914551,0.028528451919555664
0.05393624305725098,0.03684878349304199
0.1023097038269043,0.04348611831665039
0.08850216865539551,0.018224477767944336
0.09037232398986816,0.043982744216918945
0.05666995048522949,0.01729750633239746
0.06510686874389648,0.0489349365234375
0.05161023139953613,0.014269113540649414
0.11636734008789062,0.05739736557006836
0.09547924995422363,0.05991983413696289
0.06853127479553223,0.040242671966552734
0.0522761344909668,0.02377152442932129
0.059366464614868164,0.063873291015625
0.05699610710144043,0.018702268600463867
0.09040188789367676,0.06219840049743652
0.08474206924438477,0.07049179077148438
0.08042192459106445,0.01956796646118164
0.10212159156799316,0.09226608276367188
0.05549263954162598,0.07377505302429199
0.05383563041687012,0.05005049705505371
0.07799911499023438,0.04849052429199219
0.07762265205383301,0.0171658992767334
0.0933692455291748,0.047492027282714844
0.08725428581237793,0.020104408264160156
0.11927914619445801,0.04379701614379883
0.06398844718933105,0.05959939956665039
0.05531954765319824,0.09759521484375
0.0518343448638916,0.09906625747680664
0.04926753044128418,0.10676860809326172
0.05487942695617676,0.06860899925231934
0.05754852294921875,0.0694730281829834
0.07971525192260742,0.06644821166992188
0.0813133716583252,0.04756975173950195
0.0669410228729248,0.03906607627868652
0.07899951934814453,0.0557246208190918
0.053510427474975586,0.06258583068847656
0.07770705223083496,0.06332015991210938
0.03454995155334473,0.050771236419677734
0.03941488265991211,0.08701658248901367
0.07052373886108398,0.06753039360046387
0.10952877998352051,0.05408596992492676
0.06468892097473145,0.04543161392211914
0.04958033561706543,0.03738737106323242
0.04991030693054199,0.05958414077758789
0.0738976001739502,0.041030168533325195
0.05565690994262695,0.031069040298461914
0.036460161209106445,0.06126976013183594
0.05685877799987793,0.03617286682128906
0.05765652656555176,0.04594111442565918
0.033751726150512695,0.08118486404418945
0.04024195671081543,0.05914807319641113
0.03316235542297363,0.049149513244628906
0.0435488224029541,0.029634714126586914
0.03706836700439453,0.02443838119506836
0.0666666030883789,0.0628969669342041
0.08639860153198242,0.06327581405639648
0.01794147491455078,0.021543502807617188
0.06800293922424316,0.0633699893951416
0.04219460487365723,0.0674748420715332
0.06856274604797363,0.024883270263671875
0.05666518211364746,0.04862523078918457
0.062027931213378906,0.014943599700927734
0.04917573928833008,0.0542600154876709
0.049796104431152344,0.05825686454772949
0.06121659278869629,0.08504128456115723
0.0472567081451416,0.07268476486206055
0.021317720413208008,0.025701284408569336
0.053197622299194336,0.07093214988708496
0.08629322052001953,0.07232332229614258
0.040581703186035156,0.018886327743530273
0.03307032585144043,0.06686806678771973
0.046918392181396484,0.07651829719543457
0.05871868133544922,0.08225774765014648
0.04556155204772949,0.07833623886108398
0.05531001091003418,0.0639955997467041
0.04234719276428223,0.06437015533447266
0.038906097412109375,0.05487322807312012
0.06778979301452637,0.050948381423950195
0.05034995079040527,0.024684906005859375
0.0662546157836914,0.04570126533508301
0.06806731224060059,0.05950736999511719
0.07106161117553711,0.09637093544006348
0.030559539794921875,0.051663875579833984
0.06152009963989258,0.07862186431884766
0.08110380172729492,0.05340075492858887
0.10015106201171875,0.06979560852050781
0.05905342102050781,0.0704345703125
0.08348584175109863,0.0361785888671875
0.06636404991149902,0.10596108436584473
0.04169344902038574,0.08743667602539062
0.06683564186096191,0.0621333122253418
0.07826018333435059,0.04982280731201172
0.06542015075683594,0.05425596237182617
0.05584216117858887,0.05169558525085449
0.1022639274597168,0.05630683898925781
0.07063770294189453,0.03360319137573242
0.05689191818237305,0.049375057220458984
0.07670426368713379,0.06101107597351074
0.028690338134765625,0.02267765998840332
0.07462239265441895,0.05712437629699707
0.07861447334289551,0.06257271766662598
0.10096597671508789,0.05317211151123047
0.07381963729858398,0.05975079536437988
0.04351806640625,0.049513816833496094
0.026578426361083984,0.04962301254272461
0.09078717231750488,0.06644988059997559
0.10896658897399902,0.04874134063720703
0.0648198127746582,0.03320884704589844
0.05533099174499512,0.05100440979003906
0.05168795585632324,0.02555537223815918
0.07030987739562988,0.05889749526977539
0.06618976593017578,0.042491912841796875
0.04760479927062988,0.02300882339477539
0.03563356399536133,0.05001044273376465
0.05261850357055664,0.07097935676574707
0.06153607368469238,0.06271219253540039
0.037023305892944336,0.06095719337463379
0.02357792854309082,0.05462455749511719
0.032663583755493164,0.03186511993408203
0.03919506072998047,0.0648813247680664
0.0594484806060791,0.06827974319458008
0.07647895812988281,0.05299019813537598
0.07300424575805664,0.03145551681518555
0.06057620048522949,0.05099940299987793
0.04923725128173828,0.04802894592285156
0.03274965286254883,0.042406320571899414
0.07140111923217773,0.06302618980407715
0.05537056922912598,0.050186872482299805
0.04162764549255371,0.04834270477294922
0.0733954906463623,0.04818463325500488
0.04987049102783203,0.015014171600341797
0.021999120712280273,0.05292963981628418
0.05503439903259277,0.06603717803955078
0.01954817771911621,0.017154693603515625
0.08219575881958008,0.0670006275177002
0.057503461837768555,0.03995847702026367
0.038414955139160156,0.05577492713928223
0.04724431037902832,0.015112638473510742
0.06908607482910156,0.07706332206726074
0.0773313045501709,0.07411766052246094
0.04005885124206543,0.06270051002502441
0.05975055694580078,0.06687426567077637
0.09339046478271484,0.07930636405944824
0.019089937210083008,0.06865882873535156
0.07009553909301758,0.04598402976989746
0.0638890266418457,0.03632068634033203
0.0272676944732666,0.06866621971130371
0.05336499214172363,0.06296682357788086
0.0682525634765625,0.06918120384216309
0.043073415756225586,0.060598134994506836
0.04046821594238281,0.10578703880310059
0.06624412536621094,0.06107187271118164
0.05738067626953125,0.025988101959228516
0.04763174057006836,0.056355953216552734
0.07312345504760742,0.03778648376464844
0.04925966262817383,0.0528111457824707
0.05605649948120117,0.06183958053588867
0.07208919525146484,0.044490814208984375
0.054309844970703125,0.049173593521118164
0.05764651298522949,0.04986453056335449
0.02983236312866211,0.06828689575195312
0.05660247802734375,0.06655073165893555
0.07880926132202148,0.05937004089355469
0.07514357566833496,0.07870054244995117
0.06483745574951172,0.056940317153930664
0.026189088821411133,0.07502365112304688
0.03961491584777832,0.06762313842773438
0.0178220272064209,0.0531618595123291
0.05383658409118652,0.0662543773651123
0.03790640830993652,0.07806158065795898
0.0340883731842041,0.06418108940124512
0.04600214958190918,0.0692436695098877
0.016865253448486328,0.0617830753326416
0.07422471046447754,0.053514957427978516
0.05920100212097168,0.07342529296875
0.08403635025024414,0.031633853912353516
0.05892014503479004,0.05127263069152832
0.019221067428588867,0.02698683738708496
0.06062936782836914,0.04746603965759277
0.020601749420166016,0.05101799964904785
0.06178593635559082,0.0429384708404541
0.0777127742767334,0.018778562545776367
0.0591120719909668,0.055437564849853516
0.04977679252624512,0.04402875900268555
0.09444403648376465,0.019378185272216797
0.08159375190734863,0.061125993728637695
0.059288978576660156,0.049480438232421875
0.06261301040649414,0.019394874572753906
0.06680560111999512,0.05680656433105469
0.02656865119934082,0.0594029426574707
0.05037498474121094,0.05758404731750488
0.06194806098937988,0.0752251148223877
0.08582830429077148,0.06565332412719727
0.07017326354980469,0.05388903617858887
0.06296920776367188,0.08306479454040527
0.055466413497924805,0.062484025955200195
0.07407164573669434,0.0636904239654541
0.06270694732666016,0.03132176399230957
0.05491924285888672,0.04653143882751465
0.02601790428161621,0.07986211776733398
0.045633554458618164,0.0644826889038086
0.029697895050048828,0.06844782829284668
0.043343544006347656,0.07517266273498535
0.02092719078063965,0.06092953681945801
0.0513153076171875,0.027039766311645508
0.06393957138061523,0.06424498558044434
0.07377004623413086,0.05929160118103027
0.06549930572509766,0.04449963569641113
0.05838322639465332,0.03394293785095215
0.07112789154052734,0.07567119598388672
0.04518699645996094,0.057636260986328125
0.0430903434753418,0.04427480697631836
0.07198810577392578,0.04318881034851074
0.07668805122375488,0.04745173454284668
0.02708745002746582,0.036339759826660156
0.07158827781677246,0.03069019317626953
0.062074899673461914,0.047551870346069336
0.048255205154418945,0.07782483100891113
0.03803372383117676,0.05538201332092285
0.05867123603820801,0.04321932792663574
0.05319809913635254,0.03843235969543457
0.06711196899414062,0.07187843322753906
0.03287863731384277,0.07164382934570312
0.04190397262573242,0.045906782150268555
0.03257155418395996,0.04689836502075195
0.04573488235473633,0.03624916076660156
0.025162696838378906,0.01829051971435547
0.05028367042541504,0.0179746150970459
0.04949307441711426,0.07655620574951172
0.01773810386657715,0.02941751480102539
0.07017183303833008,0.05134844779968262
0.01672530174255371,0.06465888023376465
0.04843473434448242,0.0874488353729248
0.061870574951171875,0.07874488830566406
0.0218203067779541,0.06529927253723145
0.05749630928039551,0.06778526306152344
0.05252194404602051,0.0631856918334961
0.04776191711425781,0.0726466178894043
0.019771814346313477,0.08646965026855469
0.05403923988342285,0.09380960464477539
0.05575823783874512,0.08541250228881836
0.04110240936279297,0.08486795425415039
0.03369855880737305,0.04743170738220215
0.04887747764587402,0.036540985107421875
0.04194450378417969,0.09323668479919434
0.07884693145751953,0.08663392066955566
0.07910537719726562,0.0874016284942627
0.08244657516479492,0.03380703926086426
0.08426523208618164,0.07245540618896484
0.07617020606994629,0.06884026527404785
0.05870509147644043,0.06641244888305664
0.058355093002319336,0.06334376335144043
0.06868696212768555,0.06255865097045898
0.04250288009643555,0.0378110408782959
0.019222259521484375,0.0343623161315918
0.07021737098693848,0.07927656173706055
0.06537485122680664,0.10380029678344727
0.06815958023071289,0.10947537422180176
0.054883718490600586,0.03988385200500488
0.04926919937133789,0.032880544662475586
0.021003007888793945,0.10079455375671387
0.03765559196472168,0.05776572227478027
0.03932642936706543,0.034570932388305664
0.06070661544799805,0.0599668025970459
0.04976058006286621,0.08058476448059082
0.07802104949951172,0.07666468620300293
0.04045581817626953,0.08834147453308105
0.033962249755859375,0.10024738311767578
0.06905913352966309,0.0827329158782959
0.07010459899902344,0.08360028266906738
0.058534860610961914,0.05764269828796387
0.05553436279296875,0.06443095207214355
0.05686616897583008,0.07284736633300781
0.015141963958740234,0.039702415466308594
0.06007647514343262,0.06470537185668945
0.06009030342102051,0.06253170967102051
0.054299116134643555,0.05216169357299805
0.0586397647857666,0.027985572814941406
0.041478633880615234,0.03154492378234863
0.032942771911621094,0.06174921989440918
0.05823969841003418,0.05985450744628906
0.03175234794616699,0.06034111976623535
0.04721641540527344,0.04279327392578125
0.051850318908691406,0.028586387634277344
0.0556032657623291,0.0804758071899414
0.03514456748962402,0.04166078567504883
0.04592537879943848,0.016570568084716797
0.06504535675048828,0.04384279251098633
0.0511932373046875,0.020244836807250977
0.06523466110229492,0.05210518836975098
0.05256938934326172,0.07215619087219238
0.03853034973144531,0.05328798294067383
0.03606462478637695,0.07027578353881836
0.019150972366333008,0.05374336242675781
0.065521240234375,0.01925063133239746
0.04644608497619629,0.05593991279602051
0.03378701210021973,0.049828529357910156
0.08730196952819824,0.08317685127258301
0.07369184494018555,0.06155800819396973
0.08451366424560547,0.028200626373291016
0.05235028266906738,0.04813671112060547
0.04833221435546875,0.04788684844970703
0.032176971435546875,0.02605462074279785
0.06989860534667969,0.04362607002258301
0.06090950965881348,0.03357076644897461
0.06464767456054688,0.017731666564941406
0.05199885368347168,0.060364484786987305
0.08635401725769043,0.05626797676086426
0.056577444076538086,0.0538482666015625
0.027242660522460938,0.023526668548583984
0.060584306716918945,0.059786319732666016
0.05815768241882324,0.05016493797302246
0.024974346160888672,0.0537569522857666
0.04137420654296875,0.04017019271850586
0.0395355224609375,0.052689313888549805
0.014720916748046875,0.042185306549072266
0.059012413024902344,0.0190737247467041
0.06788039207458496,0.01992654800415039
0.051033735275268555,0.0761868953704834
0.0366976261138916,0.08276987075805664
0.027794361114501953,0.04607510566711426
0.03732919692993164,0.02509760856628418
0.036889076232910156,0.04743671417236328
0.04491901397705078,0.0356595516204834
0.03635692596435547,0.07338690757751465
0.06194877624511719,0.0483853816986084
0.01804351806640625,0.023863792419433594
0.05754828453063965,0.08960509300231934
0.058637380599975586,0.06337141990661621
0.026659011840820312,0.08954977989196777
0.03964495658874512,0.06099343299865723
0.015065431594848633,0.04948902130126953
0.06789088249206543,0.02717447280883789
0.05546760559082031,0.05969357490539551
0.061930179595947266,0.048058271408081055
0.06268954277038574,0.0263059139251709
0.03731989860534668,0.0634012222290039
0.05332326889038086,0.04828953742980957
0.04776120185852051,0.020459890365600586
0.020651817321777344,0.07297301292419434
0.07089900970458984,0.08961987495422363
0.05034685134887695,0.08791112899780273
0.058065176010131836,0.07812356948852539
0.07128739356994629,0.048248291015625
0.062288761138916016,0.021227359771728516
0.053687095642089844,0.04520559310913086
0.08437037467956543,0.016674280166625977
0.06172013282775879,0.05176234245300293
0.07197713851928711,0.06006193161010742
0.05082058906555176,0.04072260856628418
0.07257294654846191,0.015641450881958008
0.02328777313232422,0.038475751876831055
0.06200385093688965,0.020824432373046875
0.06653952598571777,0.04499077796936035
0.031569719314575195,0.018331289291381836
0.05221080780029297,0.051637887954711914
0.06344270706176758,0.04987001419067383
0.01728343963623047,0.018789052963256836
0.05497479438781738,0.054387807846069336
0.03916478157043457,0.06044268608093262
0.040274858474731445,0.059506893157958984
0.022147178649902344,0.05693197250366211
0.06331062316894531,0.057598114013671875
0.08515524864196777,0.04752540588378906
0.03217291831970215,0.018275022506713867
0.05124378204345703,0.06184959411621094
0.06093788146972656,0.049204349517822266
0.0538787841796875,0.0168917179107666
0.014495849609375,0.045336008071899414
0.040009498596191406,0.01632404327392578
0.03745865821838379,0.043958425521850586
0.05341792106628418,0.01630568504333496
0.02069568634033203,0.03702545166015625
0.06936025619506836,0.02789163589477539
0.05598044395446777,0.051882266998291016
0.020457744598388672,0.0337367057800293
0.05435633659362793,0.01735067367553711
0.02766251564025879,0.0453946590423584
0.04582405090332031,0.016656160354614258
0.04779648780822754,0.0523533821105957
0.024003267288208008,0.0381922721862793
0.05056262016296387,0.01700282096862793
0.05592656135559082,0.05350542068481445
0.02850508689880371,0.047194719314575195
0.06200599670410156,0.018932342529296875
0.020846128463745117,0.056842803955078125
0.08162927627563477,0.04650235176086426
0.038222551345825195,0.021660327911376953
0.04625844955444336,0.04540705680847168
0.028948545455932617,0.027551651000976562
0.05137896537780762,0.04733777046203613
0.032828569412231445,0.017475605010986328
0.06750965118408203,0.06234097480773926
0.06392407417297363,0.0667264461517334
0.048162221908569336,0.053069114685058594
0.0405278205871582,0.02281641960144043
0.04700970649719238,0.08823609352111816
0.05198049545288086,0.11404657363891602
0.047944068908691406,0.07431292533874512
0.027495145797729492,0.04460716247558594
0.0641942024230957,0.0446476936340332
0.05040788650512695,0.0681004524230957
0.038625478744506836,0.06360459327697754
0.03610420227050781,0.04743838310241699
0.06460452079772949,0.0301511287689209
0.07079601287841797,0.04050135612487793
0.06208157539367676,0.04489469528198242
0.04291224479675293,0.032126426696777344
0.03388524055480957,0.03784680366516113
0.07106685638427734,0.07227540016174316
0.03151988983154297,0.07117223739624023
0.04956769943237305,0.09253740310668945
0.04179978370666504,0.06405949592590332
0.03599691390991211,0.045935869216918945
0.020689010620117188,0.019557952880859375
0.09020757675170898,0.05639076232910156
0.06978416442871094,0.05388355255126953
0.07241153717041016,0.08897519111633301
0.016653060913085938,0.06859159469604492
0.0592198371887207,0.06502509117126465
0.08373379707336426,0.06244206428527832
0.03887486457824707,0.05178427696228027
0.03841352462768555,0.06304693222045898
0.0579378604888916,0.04422402381896973
0.06755185127258301,0.028638124465942383
0.09962940216064453,0.058553457260131836
0.08207941055297852,0.07282233238220215
0.06350588798522949,0.06361198425292969
0.05292701721191406,0.062181711196899414
0.0493769645690918,0.04074597358703613
0.01682567596435547,0.030234336853027344
0.05478334426879883,0.06307005882263184
0.0289609432220459,0.04467177391052246
0.0314333438873291,0.021752119064331055
0.05328536033630371,0.060981035232543945
0.029975414276123047,0.06687259674072266
0.030865907669067383,0.056229591369628906
0.043411970138549805,0.03187894821166992
0.01973104476928711,0.0384519100189209
0.06323480606079102,0.05833077430725098
0.052423954010009766,0.06833815574645996
0.0692605972290039,0.04578089714050293
0.06630945205688477,0.022428035736083984
0.04881715774536133,0.05428743362426758
0.02944803237915039,0.023452281951904297
0.0626826286315918,0.05078530311584473
0.027681350708007812,0.06070733070373535
0.05180001258850098,0.05188870429992676
0.0629887580871582,0.05477142333984375
0.024887800216674805,0.06954097747802734
0.06091189384460449,0.055757761001586914
0.05096578598022461,0.04662632942199707
0.04214811325073242,0.04410099983215332
0.0188901424407959,0.1212453842163086
0.05504465103149414,0.07475471496582031
0.03394150733947754,0.06447196006774902
0.05024600028991699,0.04958200454711914
0.04604220390319824,0.024826526641845703
0.017554759979248047,0.059499502182006836
0.04254508018493652,0.038365840911865234
0.017369985580444336,0.07195210456848145
0.05724167823791504,0.02923107147216797
0.04746556282043457,0.05695152282714844
0.016954898834228516,0.05471324920654297
0.05046510696411133,0.16471552848815918
0.05176806449890137,0.0683131217956543
0.040315866470336914,0.07531070709228516
0.03201007843017578,0.05732226371765137
0.05967903137207031,0.050691843032836914
0.06612157821655273,0.05769085884094238
0.059313058853149414,0.047902584075927734
0.05117297172546387,0.03357434272766113
0.04938697814941406,0.06518197059631348
0.04437685012817383,0.06262373924255371
0.05210065841674805,0.030635356903076172
0.06545281410217285,0.040576934814453125
0.0766294002532959,0.06186413764953613
0.07797479629516602,0.03832507133483887
0.06965446472167969,0.029194355010986328
0.11029648780822754,0.05701947212219238
0.07637548446655273,0.0637822151184082
0.06728649139404297,0.04988741874694824
0.021214723587036133,0.06361007690429688
0.05172252655029297,0.06391358375549316
0.044820308685302734,0.06721282005310059
0.053833723068237305,0.06720733642578125
0.06742382049560547,0.046036481857299805
0.05592656135559082,0.028730392456054688
0.05760598182678223,0.04172253608703613
0.06043100357055664,0.023318767547607422
0.05888199806213379,0.04227471351623535
0.0675814151763916,0.11346721649169922
0.07812380790710449,0.07852458953857422
0.046637535095214844,0.04814457893371582
0.058086395263671875,0.03406262397766113
0.0698692798614502,0.03338003158569336
0.040024518966674805,0.08405303955078125
0.03588294982910156,0.06220412254333496
0.0538020133972168,0.06358814239501953
0.06907987594604492,0.059213876724243164
0.021246910095214844,0.07870292663574219
0.06625080108642578,0.034053802490234375
0.06847000122070312,0.05455493927001953
0.05710339546203613,0.07916140556335449
0.09319257736206055,0.09294486045837402
0.0993509292602539,0.05595898628234863
0.10245823860168457,0.08967304229736328
0.05418729782104492,0.08076906204223633
0.04400634765625,0.04386115074157715
0.016277074813842773,0.04762673377990723
0.05808615684509277,0.05068230628967285
0.01838994026184082,0.023900747299194336
0.05392813682556152,0.0653848648071289
0.04580235481262207,0.05687069892883301
0.05077481269836426,0.07989048957824707
0.020074129104614258,0.04845452308654785
0.08907938003540039,0.07070255279541016
0.07647991180419922,0.046016693115234375
0.06213021278381348,0.0719914436340332
0.015480518341064453,0.05758929252624512
0.060813188552856445,0.030381441116333008
0.054065704345703125,0.05611562728881836
0.05539703369140625,0.05717754364013672
0.01885676383972168,0.05638766288757324
0.062242984771728516,0.050635337829589844
0.01572442054748535,0.028204679489135742
0.0618588924407959,0.050444602966308594
0.047299861907958984,0.055983781814575195
0.02692270278930664,0.06260418891906738
0.015458822250366211,0.0621182918548584
0.05399680137634277,0.06526660919189453
0.0665273666381836,0.05553150177001953
0.0193173885345459,0.07140946388244629
0.05723714828491211,0.0187380313873291
0.02256631851196289,0.055036067962646484
0.08063483238220215,0.060608625411987305
0.06118440628051758,0.08609247207641602
0.06440448760986328,0.0772707462310791
0.07471513748168945,0.07012271881103516
0.04729628562927246,0.07989811897277832
0.03589677810668945,0.09649395942687988
0.07978653907775879,0.07834959030151367
0.07026505470275879,0.06268477439880371
0.0306549072265625,0.03742408752441406
0.06473898887634277,0.05401945114135742
0.0705881118774414,0.07436370849609375
0.01572108268737793,0.08155584335327148
0.05572319030761719,0.02975010871887207
0.023634672164916992,0.05460381507873535
0.02998828887939453,0.0399785041809082
0.05265188217163086,0.05569744110107422
0.039894819259643555,0.11144018173217773
0.0627899169921875,0.05803346633911133
0.05490517616271973,0.05466866493225098
0.041855573654174805,0.026705503463745117
0.04283881187438965,0.06952309608459473
0.06116223335266113,0.040021657943725586
0.048658132553100586,0.023873567581176758
0.021926164627075195,0.049652814865112305
0.04150271415710449,0.030158519744873047
0.035512447357177734,0.05562543869018555
0.09836697578430176,0.05162167549133301
0.07089090347290039,0.0680384635925293
0.04724740982055664,0.05661201477050781
0.04309535026550293,0.04275393486022949
0.10702371597290039,0.03164982795715332
0.05883979797363281,0.05105137825012207
0.06329774856567383,0.07780337333679199
0.06641674041748047,0.06022143363952637
0.046552181243896484,0.03052210807800293
0.028352975845336914,0.05191326141357422
0.06419777870178223,0.05476975440979004
0.06274986267089844,0.06319928169250488
0.06864452362060547,0.04965806007385254
0.0571134090423584,0.10351705551147461
0.045060157775878906,0.0221407413482666
0.04445362091064453,0.03177690505981445
0.05158734321594238,0.02090930938720703
0.07958483695983887,0.04438352584838867
0.09331727027893066,0.08619046211242676
0.0629432201385498,0.060658931732177734
0.053218841552734375,0.09337210655212402
0.035919904708862305,0.06336426734924316
0.060790061950683594,0.0878441333770752
0.07498955726623535,0.05793333053588867
0.04877018928527832,0.029762983322143555
0.05986928939819336,0.05216407775878906
0.06387472152709961,0.07582283020019531
0.04989743232727051,0.06462216377258301
0.07346725463867188,0.07288217544555664
0.029833555221557617,0.07607269287109375
0.05265617370605469,0.06895279884338379
0.07109880447387695,0.04324150085449219
0.09623003005981445,0.08210301399230957
0.06531167030334473,0.0658564567565918
0.06317305564880371,0.06633996963500977
0.0722970962524414,0.08912491798400879
0.0590970516204834,0.06093883514404297
0.057442665100097656,0.050350189208984375
0.09360790252685547,0.06440925598144531
0.08967304229736328,0.04961228370666504
0.07723283767700195,0.03398752212524414
0.062335968017578125,0.061473846435546875
0.08119010925292969,0.05538535118103027
0.0626828670501709,0.08504009246826172
0.06714081764221191,0.05144023895263672
0.06583309173583984,0.022282123565673828
0.051316022872924805,0.05595064163208008
0.047513484954833984,0.05533719062805176
0.016466856002807617,0.03401350975036621
0.054787397384643555,0.03657031059265137
0.08332562446594238,0.048388004302978516
0.055652618408203125,0.05590105056762695
0.030823230743408203,0.07317876815795898
0.04338884353637695,0.07634472846984863
0.04959869384765625,0.05418872833251953
0.04458928108215332,0.05141162872314453
0.07332158088684082,0.05663752555847168
0.07539129257202148,0.05807209014892578
0.03752279281616211,0.10007500648498535
0.0599217414855957,0.06552457809448242
0.07058954238891602,0.06442785263061523
0.04206418991088867,0.06717228889465332
0.06541752815246582,0.06585025787353516
0.07680630683898926,0.09087800979614258
0.05112171173095703,0.08822154998779297
0.09168148040771484,0.06612348556518555
0.015882492065429688,0.08885049819946289
0.06483650207519531,0.0597681999206543
0.08313512802124023,0.056977272033691406
0.09977316856384277,0.03643465042114258
0.06623291969299316,0.030412673950195312
0.058440208435058594,0.04224419593811035
0.03474760055541992,0.04597306251525879
0.043602705001831055,0.07747507095336914
0.0645606517791748,0.04751729965209961
0.05150318145751953,0.05013251304626465
0.07467818260192871,0.05696535110473633
0.06627702713012695,0.04297757148742676
0.04868578910827637,0.019074678421020508
0.03985762596130371,0.05652880668640137
0.03604626655578613,0.045810699462890625
0.04683709144592285,0.018068313598632812
0.0656287670135498,0.04108715057373047
0.05389261245727539,0.01652669906616211
0.09633111953735352,0.0461275577545166
0.04915738105773926,0.022649765014648438
0.017531871795654297,0.04626727104187012
0.05288100242614746,0.02034139633178711
0.026218414306640625,0.07307672500610352
0.05228090286254883,0.04377627372741699
0.07404613494873047,0.04534316062927246
0.06620097160339355,0.04688525199890137
0.016579389572143555,0.01668834686279297
0.07091832160949707,0.046468257904052734
0.06232047080993652,0.01596355438232422
0.05338859558105469,0.016333580017089844
0.01841259002685547,0.05644941329956055
0.05971527099609375,0.0261991024017334
0.019716978073120117,0.04761648178100586
0.06549692153930664,0.04342246055603027
0.03844618797302246,0.02279949188232422
0.0425419807434082,0.06023359298706055
0.07830619812011719,0.05146431922912598
0.0626215934753418,0.0573575496673584
0.04702305793762207,0.03826785087585449
0.02531743049621582,0.03950238227844238
0.01999974250793457,0.018786191940307617
0.0672600269317627,0.04699230194091797
0.03555464744567871,0.027600765228271484
0.0307309627532959,0.05994915962219238
0.028052091598510742,0.05647134780883789
0.054590702056884766,0.05910229682922363
0.026458024978637695,0.06359338760375977
0.05683541297912598,0.05768275260925293
0.032444000244140625,0.04228568077087402
0.06955313682556152,0.046656131744384766
0.06581640243530273,0.048239946365356445
0.04165029525756836,0.02163076400756836
0.047872304916381836,0.07526254653930664
0.050714731216430664,0.057753562927246094
0.058621883392333984,0.054608821868896484
0.10557198524475098,0.04229617118835449
0.06151604652404785,0.05594658851623535
0.029437541961669922,0.07783246040344238
0.05912613868713379,0.04859471321105957
0.06736421585083008,0.04041624069213867
0.021188974380493164,0.08243703842163086
0.08329963684082031,0.05955958366394043
0.06671977043151855,0.047138214111328125
0.024407148361206055,0.025773286819458008
0.06866025924682617,0.062325239181518555
0.06589269638061523,0.09854936599731445
0.06571364402770996,0.050562143325805664
0.05841565132141113,0.059423208236694336
0.031200885772705078,0.0605165958404541
0.06351828575134277,0.07387351989746094
0.06944632530212402,0.06132984161376953
0.03594231605529785,0.05283021926879883
0.052127838134765625,0.063629150390625
0.07332038879394531,0.05045914649963379
0.06655097007751465,0.046593427658081055
0.06864047050476074,0.019144058227539062
0.07047367095947266,0.038196563720703125
0.08230829238891602,0.06836986541748047
0.06791329383850098,0.04853177070617676
0.05803561210632324,0.01851511001586914
0.07656359672546387,0.04005908966064453
0.09536242485046387,0.020589828491210938
0.09203505516052246,0.02244400978088379
0.058814287185668945,0.07313013076782227
0.05710101127624512,0.050650835037231445
0.04840803146362305,0.057396888732910156
0.05905032157897949,0.05274653434753418
0.0964350700378418,0.030712604522705078
0.0714728832244873,0.03616762161254883
0.056691646575927734,0.05430340766906738
0.06139850616455078,0.059723854064941406
0.05583906173706055,0.06981921195983887
0.08882331848144531,0.06079578399658203
0.09507465362548828,0.06827569007873535
0.06096243858337402,0.05594515800476074
0.04789257049560547,0.04918408393859863
0.026177167892456055,0.026544570922851562
0.06791877746582031,0.032991886138916016
0.06541681289672852,0.04729413986206055
0.06558966636657715,0.05691933631896973
0.05923604965209961,0.017957210540771484
0.06391215324401855,0.047795772552490234
0.03301429748535156,0.05976986885070801
0.04288792610168457,0.03496241569519043
0.07468986511230469,0.04286456108093262
0.07925772666931152,0.030557632446289062
0.07061219215393066,0.054540395736694336
0.02631545066833496,0.06174492835998535
0.07046246528625488,0.0515141487121582
0.06145215034484863,0.050547122955322266
0.07596850395202637,0.05631542205810547
0.06783413887023926,0.04985690116882324
0.04067516326904297,0.04781532287597656
0.06626343727111816,0.047537803649902344
0.04458045959472656,0.047089576721191406
0.02326226234436035,0.022463560104370117
0.061022281646728516,0.06704545021057129
0.04691672325134277,0.03593134880065918
0.01984691619873047,0.04345297813415527
0.03523564338684082,0.04703187942504883
0.026427030563354492,0.03581047058105469
0.04505634307861328,0.05731010437011719
0.017136812210083008,0.03612995147705078
0.062157630920410156,0.04453468322753906
0.05792975425720215,0.048012733459472656
0.0695793628692627,0.021417617797851562
0.05356907844543457,0.05045962333679199
0.0699152946472168,0.04475116729736328
0.08332681655883789,0.0256960391998291
0.08539247512817383,0.019315481185913086
0.08489155769348145,0.043578386306762695
0.04652881622314453,0.033416032791137695
0.02175283432006836,0.02875232696533203
0.051613569259643555,0.03818082809448242
0.05757761001586914,0.0673370361328125
0.03582906723022461,0.09462475776672363
0.04532194137573242,0.0834052562713623
0.04590797424316406,0.09077000617980957
0.03310346603393555,0.02269291877746582
0.030938386917114258,0.05316615104675293
0.05228233337402344,0.025090456008911133
0.051653385162353516,0.07327413558959961
0.08452105522155762,0.0570828914642334
0.0499577522277832,0.07332968711853027
0.05798196792602539,0.0614473819732666
0.029653310775756836,0.06854987144470215
0.05045366287231445,0.04940962791442871
0.07270479202270508,0.018923282623291016
0.06890583038330078,0.04965543746948242
0.045153141021728516,0.07699346542358398
0.04653191566467285,0.05009174346923828
0.06454658508300781,0.019086837768554688
0.06651687622070312,0.05096912384033203
0.026786088943481445,0.042176008224487305
0.051140785217285156,0.027831077575683594
0.0430450439453125,0.05340409278869629
0.03220009803771973,0.04344058036804199
0.028380632400512695,0.022638320922851562
0.048644304275512695,0.01966404914855957
0.026763200759887695,0.0603947639465332
0.10064983367919922,0.053995609283447266
0.030437946319580078,0.05447506904602051
0.0651707649230957,0.04133200645446777
0.08161282539367676,0.03443098068237305
0.09041619300842285,0.061858415603637695
0.056505441665649414,0.05811882019042969
0.05284905433654785,0.042891740798950195
0.07319092750549316,0.0481410026550293
0.043031930923461914,0.05453681945800781
0.03999614715576172,0.04212045669555664
0.019745349884033203,0.024219512939453125
0.05048680305480957,0.05011415481567383
0.0852203369140625,0.05138039588928223
0.05839395523071289,0.04933905601501465
0.07441449165344238,0.01879262924194336
0.09847044944763184,0.05051732063293457
0.055526018142700195,0.0532069206237793
0.07389998435974121,0.04853463172912598
0.0776069164276123,0.05237269401550293
0.13575458526611328,0.0765080451965332
0.0776057243347168,0.09425187110900879
0.06628060340881348,0.062212467193603516
0.06548833847045898,0.07842803001403809
0.0825951099395752,0.046236515045166016
0.07060575485229492,0.036026716232299805
0.07254528999328613,0.05826210975646973
0.06435585021972656,0.05608391761779785
0.06918978691101074,0.04987335205078125
0.06044816970825195,0.0807187557220459
0.07018756866455078,0.05365467071533203
0.07623815536499023,0.03948354721069336
0.11071300506591797,0.019919395446777344
0.08403372764587402,0.04320883750915527
0.08343648910522461,0.017888307571411133
0.06895661354064941,0.05368924140930176
0.06185317039489746,0.049550771713256836
0.06373929977416992,0.018547534942626953
0.0641942024230957,0.052124977111816406
0.05773472785949707,0.032073020935058594
0.04375123977661133,0.05002784729003906
0.034616947174072266,0.051204681396484375
0.05189990997314453,0.048152923583984375
0.02909111976623535,0.02811455726623535
0.039496421813964844,0.05769538879394531
0.045790910720825195,0.046965837478637695
0.023400306701660156,0.019032955169677734
0.030348777770996094,0.04933643341064453
0.060245513916015625,0.021861791610717773
0.0595240592956543,0.05934762954711914
0.0725545883178711,0.0647134780883789
0.07465267181396484,0.045722007751464844
0.0607144832611084,0.029883384704589844
0.06605052947998047,0.061601877212524414
0.06379532814025879,0.04611849784851074
0.07242608070373535,0.01718425750732422
0.03850054740905762,0.04675650596618652
0.0837247371673584,0.021771669387817383
0.046036481857299805,0.05429363250732422
0.05376291275024414,0.04694485664367676
0.04738664627075195,0.020907878875732422
0.05151033401489258,0.01909923553466797
0.06019330024719238,0.05535078048706055
0.049932241439819336,0.049941062927246094
0.07833337783813477,0.06403636932373047
0.06003403663635254,0.0642251968383789
0.03629708290100098,0.05673646926879883
0.04255342483520508,0.07213187217712402
0.040961503982543945,0.02293252944946289
0.06319952011108398,0.05317854881286621
0.07875227928161621,0.07143497467041016
0.06438207626342773,0.07296609878540039
0.05184531211853027,0.06509852409362793
0.07961821556091309,0.07062911987304688
0.07912349700927734,0.08323287963867188
0.05982518196105957,0.08919715881347656
0.021474599838256836,0.058862924575805664
0.06027579307556152,0.06802678108215332
0.01843094825744629,0.03255009651184082
0.05576777458190918,0.03557848930358887
0.051245927810668945,0.04392600059509277
0.02098846435546875,0.020626068115234375
0.05944657325744629,0.04561638832092285
0.08429694175720215,0.019961118698120117
0.0623931884765625,0.021173477172851562
0.04535102844238281,0.055623531341552734
0.03910541534423828,0.03372502326965332
0.06269335746765137,0.04918622970581055
0.0608670711517334,0.04959869384765625
0.06123757362365723,0.0984187126159668
0.06892561912536621,0.09342265129089355
0.055418968200683594,0.0721285343170166
0.05494976043701172,0.05254244804382324
0.038160085678100586,0.05758500099182129
0.08785891532897949,0.08437871932983398
0.06132626533508301,0.10531091690063477
0.061559438705444336,0.07555460929870605
0.06099820137023926,0.05661725997924805
0.03266167640686035,0.0533137321472168
0.04983210563659668,0.07761979103088379
0.05600428581237793,0.042899370193481445
0.04696154594421387,0.026723623275756836
0.033566951751708984,0.054099082946777344
0.04918241500854492,0.07138180732727051
0.01656508445739746,0.05831456184387207
0.03287625312805176,0.07230782508850098
0.05045437812805176,0.0820932388305664
0.06890082359313965,0.05920982360839844
0.05147147178649902,0.0606989860534668
0.06159257888793945,0.07869100570678711
0.08007931709289551,0.07480382919311523
0.030852556228637695,0.06805872917175293
0.09210896492004395,0.060433387756347656
0.07384300231933594,0.03353762626647949
0.042662620544433594,0.0640265941619873
0.04071331024169922,0.0445098876953125
0.023471355438232422,0.03324007987976074
0.06647968292236328,0.0694892406463623
0.08080434799194336,0.0974264144897461
0.059975624084472656,0.07972073554992676
0.02197742462158203,0.0649113655090332
0.056832075119018555,0.06636357307434082
0.04457402229309082,0.09581661224365234
0.025760173797607422,0.04585003852844238
0.1025090217590332,0.03582143783569336
0.09458303451538086,0.05207419395446777
0.07929539680480957,0.07007241249084473
0.0832815170288086,0.05835771560668945
0.09370708465576172,0.05234360694885254
0.04271054267883301,0.02043914794921875
0.017357587814331055,0.05788731575012207
0.036828041076660156,0.049060821533203125
0.0200655460357666,0.04038071632385254
0.024975061416625977,0.05861973762512207
0.08935666084289551,0.036422014236450195
0.06395745277404785,0.055953025817871094
0.05457043647766113,0.053565263748168945
0.08733487129211426,0.05262422561645508
0.0841512680053711,0.06810832023620605
0.07632160186767578,0.056169748306274414
0.037973880767822266,0.05726170539855957
0.027207612991333008,0.03678083419799805
0.03812408447265625,0.04763507843017578
0.06361222267150879,0.058669090270996094
0.07404756546020508,0.08755946159362793
0.07797002792358398,0.06669950485229492
0.09685277938842773,0.08440494537353516
0.09610891342163086,0.10894083976745605
0.06725549697875977,0.07915472984313965
0.06799745559692383,0.036338090896606445
0.07308483123779297,0.04597306251525879
0.05712318420410156,0.06446242332458496
0.029156208038330078,0.05544710159301758
0.052519798278808594,0.0632023811340332
0.04455876350402832,0.032717227935791016
0.02371525764465332,0.05568695068359375
0.0407559871673584,0.07039356231689453
0.07001066207885742,0.03558802604675293
0.06743001937866211,0.044954776763916016
0.058942556381225586,0.03038930892944336
0.03751015663146973,0.05663657188415527
0.02677631378173828,0.07756876945495605
0.017050504684448242,0.09952497482299805
0.0669410228729248,0.04625225067138672
0.0453488826751709,0.016876935958862305
0.015155315399169922,0.04087686538696289
0.05135989189147949,0.020889759063720703
0.09106707572937012,0.05136847496032715
0.08257317543029785,0.05857419967651367
0.05630326271057129,0.03462409973144531
0.08608341217041016,0.04124164581298828
0.07387018203735352,0.06542515754699707
0.04196786880493164,0.05901360511779785
0.03303694725036621,0.06960773468017578
0.05850863456726074,0.07236528396606445
0.014973640441894531,0.06772923469543457
0.05371499061584473,0.06224489212036133
0.07026791572570801,0.061846017837524414
0.08152508735656738,0.06835341453552246
0.07067537307739258,0.04499554634094238
0.08111023902893066,0.03218412399291992
0.06400752067565918,0.07319259643554688
0.051645755767822266,0.06612968444824219
0.04470992088317871,0.06346750259399414
0.048039913177490234,0.05499553680419922
0.0867774486541748,0.07844018936157227
0.05317497253417969,0.02956104278564453
0.08891987800598145,0.057520151138305664
0.07901668548583984,0.06893396377563477
0.0564272403717041,0.05199456214904785
0.03666067123413086,0.06179070472717285
0.03103780746459961,0.06462907791137695
0.05806851387023926,0.03780531883239746
0.05272817611694336,0.034531593322753906
0.08274698257446289,0.06250214576721191
0.049906253814697266,0.05851483345031738
0.048735857009887695,0.09195923805236816
0.03257918357849121,0.07106661796569824
0.06342291831970215,0.03147268295288086
0.052823543548583984,0.07660031318664551
0.05591869354248047,0.05423474311828613
0.08557891845703125,0.07541418075561523
0.022521495819091797,0.10101532936096191
0.05319094657897949,0.0823354721069336
0.06821393966674805,0.07752156257629395
0.06662273406982422,0.060074567794799805
0.06776952743530273,0.08483624458312988
0.08451271057128906,0.08032870292663574
0.05516982078552246,0.0404818058013916
0.06049084663391113,0.04386758804321289
0.03580331802368164,0.045415639877319336
0.06383609771728516,0.042963266372680664
0.07160329818725586,0.05531620979309082
0.06565570831298828,0.06900930404663086
0.06610488891601562,0.03469204902648926
0.05219769477844238,0.053089141845703125
0.059287309646606445,0.058681488037109375
0.0778956413269043,0.04205513000488281
0.09967994689941406,0.04302716255187988
0.09466314315795898,0.04440617561340332
0.09478044509887695,0.03456568717956543
0.09582281112670898,0.04229235649108887
0.07964611053466797,0.039526939392089844
0.10742640495300293,0.050438642501831055
0.07942438125610352,0.05583763122558594
0.09447026252746582,0.03733420372009277
0.050803422927856445,0.14080381393432617
0.027509450912475586,0.07950472831726074
0.061112403869628906,0.14502692222595215
0.059556007385253906,0.07001137733459473
0.058766841888427734,0.06874489784240723
0.028177976608276367,0.042788028717041016
0.04966616630554199,0.02565169334411621
0.031026363372802734,0.04072165489196777
0.05745530128479004,0.0437471866607666
0.0674581527709961,0.061623573303222656
0.04890275001525879,0.020695924758911133
0.028792619705200195,0.04349374771118164
0.04102921485900879,0.02362060546875
0.014911651611328125,0.05626535415649414
0.04831719398498535,0.05966043472290039
0.017721176147460938,0.04087972640991211
0.0877079963684082,0.04802441596984863
0.061080217361450195,0.05820631980895996
0.06605243682861328,0.05576944351196289
0.0686345100402832,0.026515960693359375
0.05580282211303711,0.09732627868652344
0.03204226493835449,0.06368637084960938
0.055860280990600586,0.055878400802612305
0.10462665557861328,0.12807726860046387
0.07560515403747559,0.1149439811706543
0.09492635726928711,0.09607386589050293
0.10753321647644043,0.07053375244140625
0.09796500205993652,0.10207557678222656
0.09181880950927734,0.11563634872436523
0.08731412887573242,0.0637657642364502
0.0926051139831543,0.062432289123535156
0.09171223640441895,0.05905652046203613
0.08551502227783203,0.057660818099975586
0.10347104072570801,0.05483055114746094
0.07347369194030762,0.06463408470153809
0.06559562683105469,0.06338620185852051
0.07922172546386719,0.0623626708984375
0.1103973388671875,0.05702805519104004
0.07696247100830078,0.04620003700256348
0.043018341064453125,0.0223391056060791
0.034256696701049805,0.050768375396728516
0.02487468719482422,0.024336576461791992
0.05258655548095703,0.048651695251464844
0.04657626152038574,0.04875349998474121
0.03989076614379883,0.03176426887512207
0.06062006950378418,0.055951833724975586
0.04648089408874512,0.0655217170715332
0.025664806365966797,0.05685901641845703
0.06639361381530762,0.04261326789855957
0.07645010948181152,0.0418696403503418
0.062181711196899414,0.05737161636352539
0.01761913299560547,0.06394839286804199
0.059617042541503906,0.05433082580566406
0.060981035232543945,0.047959089279174805
0.0438079833984375,0.03122878074645996
0.06059527397155762,0.055441856384277344
0.05387282371520996,0.06249213218688965
0.11153340339660645,0.05407238006591797
0.04236936569213867,0.06592273712158203
0.02210688591003418,0.0623621940612793
0.05557966232299805,0.06616711616516113
0.06644177436828613,0.07203125953674316
0.05815720558166504,0.06876897811889648
0.06531643867492676,0.06930017471313477
0.07870602607727051,0.056610107421875
0.05899453163146973,0.05929303169250488
0.07751131057739258,0.035405874252319336
0.047885894775390625,0.03337860107421875
0.03518056869506836,0.053945064544677734
0.06035947799682617,0.05805206298828125
0.029891490936279297,0.06041574478149414
0.06238746643066406,0.09832572937011719
0.05903053283691406,0.05883646011352539
0.04132819175720215,0.04125356674194336
0.03702116012573242,0.06718921661376953
0.06415438652038574,0.05737161636352539
0.06615233421325684,0.04361605644226074
0.06029915809631348,0.03215599060058594
0.044293880462646484,0.04094052314758301
0.0341794490814209,0.03544759750366211
0.04038071632385254,0.05556988716125488
0.06440925598144531,0.01744246482849121
0.06874322891235352,0.07014822959899902
0.06292128562927246,0.05590534210205078
0.06608247756958008,0.06081795692443848
0.061321258544921875,0.04334759712219238
0.01643824577331543,0.02055215835571289
0.07830333709716797,0.02679920196533203
0.05695343017578125,0.06133460998535156
0.05131220817565918,0.0630035400390625
0.07571744918823242,0.04199409484863281
0.06348824501037598,0.045619964599609375
0.06477236747741699,0.06035900115966797
0.02973341941833496,0.05528092384338379
0.0438079833984375,0.07114100456237793
0.059201955795288086,0.08030509948730469
0.06769084930419922,0.08656573295593262
0.06850051879882812,0.057631492614746094
0.03197360038757324,0.05629086494445801
0.04179644584655762,0.09045052528381348
0.074432373046875,0.05274343490600586
0.05207014083862305,0.041278839111328125
0.0710756778717041,0.03586554527282715
0.0972445011138916,0.049587249755859375
0.1187734603881836,0.020945310592651367
0.026477336883544922,0.06795883178710938
0.07175660133361816,0.07279372215270996
0.02540421485900879,0.06839156150817871
0.045827388763427734,0.08441829681396484
0.06188011169433594,0.06939458847045898
0.026161909103393555,0.05992937088012695
0.05950450897216797,0.06841087341308594
0.05953669548034668,0.058855533599853516
0.08254885673522949,0.06861352920532227
0.08249688148498535,0.05338740348815918
0.0834050178527832,0.09033346176147461
0.05413508415222168,0.11829638481140137
0.047914743423461914,0.05252265930175781
0.03577089309692383,0.09004020690917969
0.08314657211303711,0.07335329055786133
0.0873723030090332,0.07210111618041992
0.059239864349365234,0.03487420082092285
0.01969122886657715,0.09505486488342285
0.054074764251708984,0.1070098876953125
0.03312087059020996,0.06233501434326172
0.036569833755493164,0.11559748649597168
0.10053229331970215,0.0782928466796875
0.06020522117614746,0.05626368522644043
0.04674363136291504,0.09382200241088867
0.037726402282714844,0.08267521858215332
0.05150318145751953,0.07308602333068848
0.0697014331817627,0.061767578125
0.04651665687561035,0.041246652603149414
0.04488182067871094,0.03583693504333496
0.0651102066040039,0.05220389366149902
0.05130410194396973,0.11279702186584473
0.05022764205932617,0.06643486022949219
0.04492688179016113,0.12283539772033691
0.05067753791809082,0.04844307899475098
0.05161261558532715,0.02848982810974121
0.05112648010253906,0.03907370567321777
0.06529545783996582,0.029764890670776367
0.06520199775695801,0.07984542846679688
0.07938981056213379,0.07770299911499023
0.05437517166137695,0.04994463920593262
0.08680915832519531,0.020397424697875977
0.03035759925842285,0.08826279640197754
0.07911992073059082,0.05548524856567383
0.06796097755432129,0.024206161499023438
0.03395247459411621,0.06619954109191895
0.055974721908569336,0.06062936782836914
0.019366741180419922,0.0905768871307373
0.07930207252502441,0.0663142204284668
0.06127452850341797,0.06223940849304199
0.08279728889465332,0.015414237976074219
0.0998992919921875,0.055464982986450195
0.07036685943603516,0.0514066219329834
0.08282327651977539,0.05576276779174805
0.06980490684509277,0.04449200630187988
0.05596327781677246,0.03399229049682617
0.0641326904296875,0.05311989784240723
0.023665428161621094,0.05302762985229492
0.051946163177490234,0.03434586524963379
0.07120990753173828,0.042580366134643555
0.0697472095489502,0.05659079551696777
0.057386159896850586,0.03374981880187988
0.1240701675415039,0.04471945762634277
0.06948208808898926,0.0519404411315918
0.07283878326416016,0.05091381072998047
0.03967142105102539,0.038986921310424805
0.017678022384643555,0.050588130950927734
0.017982006072998047,0.05617237091064453
0.05702948570251465,0.03532814979553223
0.04893612861633301,0.046288490295410156
0.04386472702026367,0.0751183032989502
0.04156970977783203,0.07448458671569824
0.07053852081298828,0.05062675476074219
0.0754079818725586,0.035851478576660156
0.0951392650604248,0.037334442138671875
0.05724787712097168,0.05543112754821777
0.08789658546447754,0.04696011543273926
0.07719588279724121,0.0256350040435791
0.04955649375915527,0.015498876571655273
0.03636312484741211,0.0491642951965332
0.019731760025024414,0.053499698638916016
0.054711341857910156,0.026264190673828125
0.05415749549865723,0.04315018653869629
0.030910015106201172,0.04442763328552246
0.1213839054107666,0.01578688621520996
0.05805826187133789,0.04933643341064453
0.04055976867675781,0.016748905181884766
0.03820943832397461,0.018139362335205078
0.06535506248474121,0.05332827568054199
0.05681037902832031,0.03181290626525879
0.05118870735168457,0.04936933517456055
0.059424638748168945,0.05821418762207031
0.05328965187072754,0.04563450813293457
0.0637667179107666,0.018120765686035156
0.07294464111328125,0.048027992248535156
0.04953813552856445,0.02072429656982422
0.03057408332824707,0.05502772331237793
0.07246828079223633,0.05147409439086914
0.059655189514160156,0.022818326950073242
0.07774758338928223,0.07121682167053223
0.04676699638366699,0.03845953941345215
0.02369070053100586,0.022358179092407227
0.04720640182495117,0.046309709548950195
0.03301048278808594,0.025724411010742188
0.06112790107727051,0.018839359283447266
0.049835920333862305,0.06056785583496094
0.0478060245513916,0.04144573211669922
0.01940608024597168,0.04712533950805664
0.04720783233642578,0.04678750038146973
0.03802180290222168,0.035460472106933594
0.053136348724365234,0.05087924003601074
0.06675148010253906,0.0224611759185791
0.06232261657714844,0.05866217613220215
0.05890059471130371,0.033922672271728516
0.06323385238647461,0.0414736270904541
0.05331015586853027,0.06816506385803223
0.04316592216491699,0.05881023406982422
0.026378870010375977,0.03177928924560547
0.03554940223693848,0.04464602470397949
0.0365300178527832,0.09666013717651367
0.05349612236022949,0.07610845565795898
0.05701279640197754,0.06093740463256836
0.059564828872680664,0.07317447662353516
0.10676383972167969,0.04724621772766113
0.0423429012298584,0.03026747703552246
0.02668905258178711,0.06707072257995605
0.05320477485656738,0.06771397590637207
0.05081582069396973,0.0502474308013916
0.04459238052368164,0.04391908645629883
0.03579306602478027,0.04903221130371094
0.07284331321716309,0.04870247840881348
0.050583839416503906,0.02255082130432129
0.045600175857543945,0.05692601203918457
0.03561854362487793,0.055124759674072266
0.05349588394165039,0.02837085723876953
0.05842328071594238,0.06857538223266602
0.054175615310668945,0.06013798713684082
0.06999850273132324,0.07489585876464844
0.0597987174987793,0.09667062759399414
0.06539678573608398,0.05645322799682617
0.060713768005371094,0.052555084228515625
0.05581951141357422,0.051332712173461914
0.07000613212585449,0.04103374481201172
0.04980134963989258,0.019837617874145508
0.03360176086425781,0.056954145431518555
0.03072190284729004,0.05109000205993652
0.055054426193237305,0.05540728569030762
0.047460079193115234,0.038474321365356445
0.01821112632751465,0.0477907657623291
0.061275482177734375,0.06270909309387207
0.062204599380493164,0.05572223663330078
0.04131674766540527,0.026425838470458984
0.055571794509887695,0.08195185661315918
0.07121706008911133,0.0557706356048584
0.06814765930175781,0.07796788215637207
0.0634756088256836,0.0948479175567627
0.0668034553527832,0.07134318351745605
0.06336402893066406,0.06882667541503906
0.06579232215881348,0.05455327033996582
0.06179356575012207,0.06341552734375
0.06850981712341309,0.025711774826049805
0.02218008041381836,0.09103178977966309
0.06772494316101074,0.07252264022827148
0.041823625564575195,0.06618881225585938
0.03717613220214844,0.01708364486694336
0.05047774314880371,0.05931377410888672
0.05979323387145996,0.07994675636291504
0.049681901931762695,0.07133340835571289
0.031156539916992188,0.11135268211364746
0.04288506507873535,0.06911420822143555
0.028960227966308594,0.08076858520507812
0.05333876609802246,0.05229496955871582
0.03868389129638672,0.026743650436401367
0.060806989669799805,0.0681610107421875
0.08389520645141602,0.0658564567565918
0.0570981502532959,0.05827903747558594
0.027519941329956055,0.03941941261291504
0.051412343978881836,0.045380353927612305
0.0300137996673584,0.017871618270874023
0.05408978462219238,0.06102466583251953
0.0574488639831543,0.05674171447753906
0.045397281646728516,0.046587467193603516
0.06984591484069824,0.037267446517944336
0.060446977615356445,0.05577349662780762
0.036627769470214844,0.04630136489868164
0.03893733024597168,0.04117631912231445
0.01516103744506836,0.06765460968017578
0.06009483337402344,0.07264423370361328
0.054625511169433594,0.06075906753540039
0.030272483825683594,0.10929346084594727
0.05189394950866699,0.029526233673095703
0.06102633476257324,0.06354045867919922
0.04501485824584961,0.034369707107543945
0.04977989196777344,0.04293465614318848
0.02826380729675293,0.05313706398010254
0.046239376068115234,0.035260915756225586
0.04383397102355957,0.06083273887634277
0.02535533905029297,0.061011314392089844
0.05135679244995117,0.03528165817260742
0.05074667930603027,0.050993919372558594
0.04572176933288574,0.06485652923583984
0.017836809158325195,0.0601353645324707
0.053444623947143555,0.10968518257141113
0.049982309341430664,0.04870176315307617
0.07003068923950195,0.019119739532470703
0.04004812240600586,0.04564094543457031
0.03293466567993164,0.023825407028198242
0.04052448272705078,0.06320691108703613
0.0285489559173584,0.09361624717712402
0.053852081298828125,0.06241035461425781
0.05414867401123047,0.053832292556762695
0.07393074035644531,0.025786638259887695
0.05892753601074219,0.03788638114929199
0.04410290718078613,0.07426643371582031
0.028795719146728516,0.10534858703613281
0.057549238204956055,0.06983208656311035
0.017288684844970703,0.07648491859436035
0.05571937561035156,0.06493496894836426
0.06740880012512207,0.08476400375366211
0.07236552238464355,0.0511016845703125
0.09442424774169922,0.10097432136535645
0.05876016616821289,0.07620477676391602
0.07033538818359375,0.05106163024902344
0.07153606414794922,0.07022547721862793
0.07956671714782715,0.06151008605957031
0.09476971626281738,0.0352320671081543
0.0585477352142334,0.023207426071166992
0.07764554023742676,0.056580305099487305
0.06859374046325684,0.05090022087097168
